{
  "seed": 1,
  "particlesCountPerDimension": 10,
  "particlesCountMultiplier": 1.0,
  "maxParticlesCountPerDimension": 10,
  "evaluationsBudgetPerDimension": 1000000,
  "boundsManagerDefinition": {
    "name": "ResetAll"
  },
  "initializerDefinition": {
    "name": "Sequence",
    "parameters": {
      "initializers": [
        {
          "name": "Model"
        },
        {
          "name": "Random"
        }
      ]
    }
  },
  "restartManagerDefinition":
  {
    "name": "Or",
    "parameters": {
      "restartManagerDefinitions": [
        {
          "name": "FunctionValues",
          "parameters": {
            "threshold": 1e-12
          }
        },
        {
          "name": "MinSpreadInDimensions",
          "parameters": {
            "threshold": 1e-12
          }
        },
        {
          "name": "NoImprovement",
          "parameters": {
            "evaluationsPerDimensionLimit": 5000
          }
        }
      ]
    }
  },
  "moveManagerDefinition": {
    "adaptMoves": false,
    "maxHistorySize": 0,
    "includePersonalImprovements": false,
    "includeGlobalImprovements": true,
    "switchingAdaptationOffProbability": 0.0,
    "moves": [
      {
        "name": "SHADE",
        "isAdaptable": true,
        "initialWeight": 3000,
        "minimalRatio": 0.2,
        "minimalAmount": 1,
        "parameters": {
          "crossProb": 0.9,
          "scale": 0.38,
          "pBestRatio": 0.11,
          "archiveSizeFactor": 0.12,
          "slots": 11
        }
      },
      {
        "name": "LocalBestModel",
        "isAdaptable": false,
        "initialWeight": 0,
        "minimalAmount": 1,
        "minimalRatio": 0.05,
        "parameters": {
          "models": [
            {
              "modelType": "FullSquare",
              "modelUseFrequency": 1
            },
            {
              "modelType": "SimpleSquare",
              "modelUseFrequency": 1
            }
          ],
          "clusteringType": "NONE"
        }
      }
    ]
  }
}