{
  "seed": 1,
  "particlesCountPerDimension": 10,
  "particlesCountMultiplier": 1.0,
  "maxParticlesCountPerDimension": 100000,
  "evaluationsBudgetPerDimension": 100,
  "boundsManagerDefinition": {
    "name": "ResetAll"
  },
  "initializerDefinition": {
    "name": "Sequence",
    "parameters": {
      "initializers": [
        {
          "name": "Model"
        },
        {
          "name": "Random"
        }
      ]
    }
  },
  "restartManagerDefinition": {
    "name": "MinSpreadInDimensions",
    "parameters": {
      "threshold": 1e-4
    }
  },
  "moveManagerDefinition": {
    "adaptMoves": false,
    "maxHistorySize": 0,
    "minimalRatio": 0.0,
    "includePersonalImprovements": false,
    "includeGlobalImprovements": false,
    "switchingAdaptationOffProbability": 0.0,
    "moves": [
      {
        "name": "DE/best/1/bin",
        "isAdaptable": true,
        "initialWeight": 1000,
        "minimalAmount": 1,
        "parameters": {
          "crossProb": 0.9,
          "scale": 0.5,
          "constantCrossProb": true,
          "constantScale": false
        }
      }
    ]
  }
}